seqName,Nextclade_pango,risk_probability,S:A701V,S:D614G,S:D950N,S:E484K,S:F157L,S:F486V,S:F490S,S:G339D,S:H69del,S:K417N,S:K417T,S:K444T,S:L452R,S:N440K,S:N460K,S:N501Y,S:P681H,S:Q493R,S:Q498R,S:R158del,S:R346T,S:S371F,S:S373P,S:S375F,S:S477N,S:S494P,S:T478K,S:Y144del,N:G204R,N:P13L,N:R203K,N:S235F
seq_1,Variant_1,0.77,0,1,0,1,0,1,0,1,0,1,0,1,0,1,0,1,0,1,0,1,0,1,0,1,0,1,0,1,0,1,0,1
seq_2,Variant_2,0.79,1,0,1,0,1,0,1,0,1,0,1,0,1,0,1,0,1,0,1,0,1,0,1,0,1,0,1,0,1,0,1,0
seq_3,Variant_3,0.81,0,1,0,1,0,1,0,1,0,1,0,1,0,1,0,1,0,1,0,1,0,1,0,1,0,1,0,1,0,1,0,1
seq_4,Variant_0,0.83,1,0,1,0,1,0,1,0,1,0,1,0,1,0,1,0,1,0,1,0,1,0,1,0,1,0,1,0,1,0,1,0
seq_5,Variant_1,0.85,0,1,0,1,0,1,0,1,0,1,0,1,0,1,0,1,0,1,0,1,0,1,0,1,0,1,0,1,0,1,0,1
seq_6,Variant_2,0.87,1,0,1,0,1,0,1,0,1,0,1,0,1,0,1,0,1,0,1,0,1,0,1,0,1,0,1,0,1,0,1,0
seq_7,Variant_3,0.89,0,1,0,1,0,1,0,1,0,1,0,1,0,1,0,1,0,1,0,1,0,1,0,1,0,1,0,1,0,1,0,1
seq_8,Variant_0,0.91,1,0,1,0,1,0,1,0,1,0,1,0,1,0,1,0,1,0,1,0,1,0,1,0,1,0,1,0,1,0,1,0
seq_9,Variant_1,0.93,0,1,0,1,0,1,0,1,0,1,0,1,0,1,0,1,0,1,0,1,0,1,0,1,0,1,0,1,0,1,0,1
seq_10,Variant_2,0.95,1,0,1,0,1,0,1,0,1,0,1,0,1,0,1,0,1,0,1,0,1,0,1,0,1,0,1,0,1,0,1,0
